## Виды и устройство репликации в PostgreSQL. Практика применения

Создаем 3 виртуальные машины на YC:

|Внутренний IP | Имя хоста |
|--------------|-----------|
|10.129.64.17   | otus1     |
|10.129.64.18   |otus2      |
|10.129.64.19   | otus3     |

На всех ВМ установим настройки
* /etc/postgresql/16/main/postgresql.conf установим
  ```
  listen_addresses = '*'
  
   wal_level = logical
  ```
* /etc/postgresql/16/main/pg_hba.conf добавим строку в параметре `# IPv4 local connections`
  
  ```
  host    all             all             10.128.0.0/24           trust
  ```
* Перезагрузим все кластера PosstgreSQL

* На всех ВМ создадим таблицы test и test2

```
CREATE TABLE test as
select
  generate_series(1,10) as id,
  md5(random()::text)::char(10) as point;

CREATE TABLE test2 as
select
  generate_series(1,10) as id,
  md5(random()::text)::char(10) as point;

```

* На ВМ1 создадим публикацию:

`create publication test_pub for table public.test;`

* На ВМ2 создадим публикацию:

`create publication test_pub for table public.test2;`

* На ВМ1 создадим подписку на otus2
```
create subscription test_sub
connection 'host=otus2 port=5432 user=postgres dbname=postgres'
publication test_pub with (copy_data = false);
```

* Так же создадим подписку на otus1 на ВМ2

```
create subscription test_sub
connection 'host=otus1 port=5432 user=postgres dbname=postgres'
publication test_pub with (copy_data = false);

```
* На ВМ3 создадим подписки на otus1 и otus2

```
create subscription test_sub1
connection 'host=otus1 port=5432 user=postgres dbname=postgres'
publication test_pub with (copy_data = false);

create subscription test_sub2
connection 'host=otus2 port=5432 user=postgres dbname=postgres'
publication test_pub with (copy_data = false);

```
* Проверяем работает ли кластер

* На otus1 `insert into test(id, point) values(11, 'тест1');`
* На otus2 `insert into test2(id, point) values(11, 'тест2');`
* На otus3
  ```
  postgres=# select * from test;
  id |   point
  ----+------------
  1 | 59214eaa4e
  2 | c3b7f1939c
  3 | 41a457dfe4
  4 | 5895909902
  5 | dff7a4c089
  6 | 5f44acff16
  7 | a4e9881647
  8 | ce6ba2f295
  9 | 225d017b84
  10 | 4049c9c251
  11 | тест1
  (11 rows)

  ```
  
  ```
  select * from test2;
  id |   point
  ----+------------
  1 | f46bba2778
  2 | 00f6973d94
  3 | 52c565ece1
  4 | edf6e0e360
  5 | f3f3e35a73
  6 | 13abf51353
  7 | 1d4421bf64
  8 | 4f75c90beb
  9 | 2ae87e1601
  10 | 7b5a5465ce
  11 | тест2
  (11 rows)
   ```

Все работает

